re;area
локтевск[и|о][й|г|м][о|у]?;Локтевский р-н
змеиногорск[и|о][й|г|м][о|у]?;Змеиногорский р-н
каменск[и|о][й|г|м][о|у]?;Каменский р-н
завитинск[и|о][й|г|м][о|у]?;Завитинский р-н
сковородинск[и|о][й|г|м][о|у]?;Сковородинский р-н
вельск[и|о][й|г|м][о|у]?;Вельский р-н
каргопольск[и|о][й|г|м][о|у]?;Каргопольский р-н
котласск[и|о][й|г|м][о|у]?;Котласский р-н
мезенск[и|о][й|г|м][о|у]?;Мезенский р-н
няндомск[и|о][й|г|м][о|у]?;Няндомский р-н
онежск[и|о][й|г|м][о|у]?;Онежский р-н
шенкурск[и|о][й|г|м][о|у]?;Шенкурский р-н
ахтубинск[и|о][й|г|м][о|у]?;Ахтубинский р-н
камызякск[и|о][й|г|м][о|у]?;Камызякский р-н
наримановск[и|о][й|г|м][о|у]?;Наримановский р-н
харабалинск[и|о][й|г|м][о|у]?;Харабалинский р-н
баймакск[и|о][й|г|м][о|у]?;Баймакский р-н
белебеевск[и|о][й|г|м][о|у]?;Белебеевский р-н
белорецк[и|о][й|г|м][о|у]?;Белорецкий р-н
бирск[и|о][й|г|м][о|у]?;Бирский р-н
благовещенск[и|о][й|г|м][о|у]?;Благовещенский р-н
давлекановск[и|о][й|г|м][о|у]?;Давлекановский р-н
дюртюлинск[и|о][й|г|м][о|у]?;Дюртюлинский р-н
ишимбайск[и|о][й|г|м][о|у]?;Ишимбайский р-н
мелеузовск[и|о][й|г|м][о|у]?;Мелеузовский р-н
туймазинск[и|о][й|г|м][о|у]?;Туймазинский р-н
учалинск[и|о][й|г|м][о|у]?;Учалинский р-н
янаульск[и|о][й|г|м][о|у]?;Янаульский р-н
алексеевск[и|о][й|г|м][о|у]?;Алексеевский р-н
красногвардейск[и|о][й|г|м][о|у]?;Красногвардейский р-н
валуйск[и|о][й|г|м][о|у]?;Валуйский р-н
грайворонск[и|о][й|г|м][о|у]?;Грайворонский р-н
корочанск[и|о][й|г|м][о|у]?;Корочанский р-н
новооскольск[и|о][й|г|м][о|у]?;Новооскольский р-н
яковлевск[и|о][й|г|м][о|у]?;Яковлевский р-н
дятьковск[и|о][й|г|м][о|у]?;Дятьковский р-н
жуковск[и|о][й|г|м][о|у]?;Жуковский р-н
злынковск[и|о][й|г|м][о|у]?;Злынковский р-н
карачевск[и|о][й|г|м][о|у]?;Карачевский р-н
мглинск[и|о][й|г|м][о|у]?;Мглинский р-н
почепск[и|о][й|г|м][о|у]?;Почепский р-н
севск[и|о][й|г|м][о|у]?;Севский р-н
суражск[и|о][й|г|м][о|у]?;Суражский р-н
трубчевск[и|о][й|г|м][о|у]?;Трубчевский р-н
унечск[и|о][й|г|м][о|у]?;Унечский р-н
кабанск[и|о][й|г|м][о|у]?;Кабанский р-н
селенгинск[и|о][й|г|м][о|у]?;Селенгинский р-н
закаменск[и|о][й|г|м][о|у]?;Закаменский р-н
кяхтинск[и|о][й|г|м][о|у]?;Кяхтинский р-н
александровск[и|о][й|г|м][о|у]?;Александровский р-н
вязниковск[и|о][й|г|м][о|у]?;Вязниковский р-н
гороховецк[и|о][й|г|м][о|у]?;Гороховецкий р-н
камешковск[и|о][й|г|м][о|у]?;Камешковский р-н
киржачск[и|о][й|г|м][о|у]?;Киржачский р-н
кольчугинск[и|о][й|г|м][о|у]?;Кольчугинский р-н
петушинск[и|о][й|г|м][о|у]?;Петушинский р-н
гусь-хрустальн[ы|о][й|г|м][о|у]?;Гусь-Хрустальный р-н
собинск[и|о][й|г|м][о|у]?;Собинский р-н
меленковск[и|о][й|г|м][о|у]?;Меленковский р-н
судогодск[и|о][й|г|м][о|у]?;Судогодский р-н
суздальск[и|о][й|г|м][о|у]?;Суздальский р-н
юрьев-польск[и|о][й|г|м][о|у]?;Юрьев-Польский р-н
дубовск[и|о][й|г|м][о|у]?;Дубовский р-н
жирновск[и|о][й|г|м][о|у]?;Жирновский р-н
калачевск[и|о][й|г|м][о|у]?;Калачевский р-н
котельниковск[и|о][й|г|м][о|у]?;Котельниковский р-н
котовск[и|о][й|г|м][о|у]?;Котовский р-н
среднеахтубинск[и|о][й|г|м][о|у]?;Среднеахтубинский р-н
ленинск[и|о][й|г|м][о|у]?;Ленинский р-н
николаевск[и|о][й|г|м][о|у]?;Николаевский р-н
новоаннинск[и|о][й|г|м][о|у]?;Новоаннинский р-н
палласовск[и|о][й|г|м][о|у]?;Палласовский р-н
камышинск[и|о][й|г|м][о|у]?;Камышинский р-н
серафимовичск[и|о][й|г|м][о|у]?;Серафимовичский р-н
суровикинск[и|о][й|г|м][о|у]?;Суровикинский р-н
бабаевск[и|о][й|г|м][о|у]?;Бабаевский р-н
белозерск[и|о][й|г|м][о|у]?;Белозерский р-н
великоустюгск[и|о][й|г|м][о|у]?;Великоустюгский р-н
вытегорск[и|о][й|г|м][о|у]?;Вытегорский р-н
грязовецк[и|о][й|г|м][о|у]?;Грязовецкий р-н
сокольск[и|о][й|г|м][о|у]?;Сокольский р-н
кирилловск[и|о][й|г|м][о|у]?;Кирилловский р-н
никольск[и|о][й|г|м][о|у]?;Никольский р-н
тотемск[и|о][й|г|м][о|у]?;Тотемский р-н
устюженск[и|о][й|г|м][о|у]?;Устюженский р-н
харовск[и|о][й|г|м][о|у]?;Харовский р-н
бобровск[и|о][й|г|м][о|у]?;Бобровский р-н
богучарск[и|о][й|г|м][о|у]?;Богучарский р-н
борисоглебск[и|о][й|г|м][о|у]?;Борисоглебский р-н
бутурлиновск[и|о][й|г|м][о|у]?;Бутурлиновский р-н
калачеевск[и|о][й|г|м][о|у]?;Калачеевский р-н
лискинск[и|о][й|г|м][о|у]?;Лискинский р-н
новохоперск[и|о][й|г|м][о|у]?;Новохоперский р-н
острогожск[и|о][й|г|м][о|у]?;Острогожский р-н
павловск[и|о][й|г|м][о|у]?;Павловский р-н
поворинск[и|о][й|г|м][о|у]?;Поворинский р-н
россошанск[и|о][й|г|м][о|у]?;Россошанский р-н
семилукск[и|о][й|г|м][о|у]?;Семилукский р-н
эртильск[и|о][й|г|м][о|у]?;Эртильский р-н
облученск[и|о][й|г|м][о|у]?;Облученский р-н
балейск[и|о][й|г|м][о|у]?;Балейский р-н
борзинск[и|о][й|г|м][о|у]?;Борзинский р-н
краснокаменск[и|о][й|г|м][о|у]?;Краснокаменский р-н
могочинск[и|о][й|г|м][о|у]?;Могочинский р-н
нерчинск[и|о][й|г|м][о|у]?;Нерчинский р-н
петровск-забайкальск[и|о][й|г|м][о|у]?;Петровск-Забайкальский р-н
сретенск[и|о][й|г|м][о|у]?;Сретенский р-н
хилокск[и|о][й|г|м][о|у]?;Хилокский р-н
шилкинск[и|о][й|г|м][о|у]?;Шилкинский р-н
вичугск[и|о][й|г|м][о|у]?;Вичугский р-н
гаврилово-посадск[и|о][й|г|м][о|у]?;Гаврилово-Посадский р-н
заволжск[и|о][й|г|м][о|у]?;Заволжский р-н
комсомольск[и|о][й|г|м][о|у]?;Комсомольский р-н
ивановск[и|о][й|г|м][о|у]?;Ивановский р-н
кинешемск[и|о][й|г|м][о|у]?;Кинешемский р-н
приволжск[и|о][й|г|м][о|у]?;Приволжский р-н
пучежск[и|о][й|г|м][о|у]?;Пучежский р-н
родниковск[и|о][й|г|м][о|у]?;Родниковский р-н
тейковск[и|о][й|г|м][о|у]?;Тейковский р-н
фурмановск[и|о][й|г|м][о|у]?;Фурмановский р-н
шуйск[и|о][й|г|м][о|у]?;Шуйский р-н
южск[и|о][й|г|м][о|у]?;Южский р-н
юрьевецк[и|о][й|г|м][о|у]?;Юрьевецкий р-н
нижнеудинск[и|о][й|г|м][о|у]?;Нижнеудинский р-н
слюдянск[и|о][й|г|м][о|у]?;Слюдянский р-н
тайшетск[и|о][й|г|м][о|у]?;Тайшетский р-н
братск[и|о][й|г|м][о|у]?;Братский р-н
нижнеилимск[и|о][й|г|м][о|у]?;Нижнеилимский р-н
киренск[и|о][й|г|м][о|у]?;Киренский р-н
майск[и|о][й|г|м][о|у]?;Майский р-н
урванск[и|о][й|г|м][о|у]?;Урванский р-н
терск[и|о][й|г|м][о|у]?;Терский р-н
эльбрусск[и|о][й|г|м][о|у]?;Эльбрусский р-н
чегемск[и|о][й|г|м][о|у]?;Чегемский р-н
багратионовск[и|о][й|г|м][о|у]?;Багратионовский р-н
балтийск[и|о][й|г|м][о|у]?;Балтийский р-н
гвардейск[и|о][й|г|м][о|у]?;Гвардейский р-н
гурьевск[и|о][й|г|м][о|у]?;Гурьевский р-н
гусевск[и|о][й|г|м][о|у]?;Гусевский р-н
зеленоградск[и|о][й|г|м][о|у]?;Зеленоградский р-н
краснознаменск[и|о][й|г|м][о|у]?;Краснознаменский р-н
неманск[и|о][й|г|м][о|у]?;Неманский р-н
нестеровск[и|о][й|г|м][о|у]?;Нестеровский р-н
озерск[и|о][й|г|м][о|у]?;Озерский р-н
полесск[и|о][й|г|м][о|у]?;Полесский р-н
правдинск[и|о][й|г|м][о|у]?;Правдинский р-н
светлогорск[и|о][й|г|м][о|у]?;Светлогорский р-н
славск[и|о][й|г|м][о|у]?;Славский р-н
черняховск[и|о][й|г|м][о|у]?;Черняховский р-н
городовиковск[и|о][й|г|м][о|у]?;Городовиковский р-н
лаганск[и|о][й|г|м][о|у]?;Лаганский р-н
боровск[и|о][й|г|м][о|у]?;Боровский р-н
жиздринск[и|о][й|г|м][о|у]?;Жиздринский р-н
кировск[и|о][й|г|м][о|у]?;Кировский р-н
козельск[и|о][й|г|м][о|у]?;Козельский р-н
дзержинск[и|о][й|г|м][о|у]?;Дзержинский р-н
людиновск[и|о][й|г|м][о|у]?;Людиновский р-н
малоярославецк[и|о][й|г|м][о|у]?;Малоярославецкий р-н
медынск[и|о][й|г|м][о|у]?;Медынский р-н
мещовск[и|о][й|г|м][о|у]?;Мещовский р-н
мосальск[и|о][й|г|м][о|у]?;Мосальский р-н
спас-деменск[и|о][й|г|м][о|у]?;Спас-Деменский р-н
сухиничск[и|о][й|г|м][о|у]?;Сухиничский р-н
тарусск[и|о][й|г|м][о|у]?;Тарусский р-н
юхновск[и|о][й|г|м][о|у]?;Юхновский р-н
елизовск[и|о][й|г|м][о|у]?;Елизовский р-н
усть-джегутинск[и|о][й|г|м][о|у]?;Усть-Джегутинский р-н
беломорск[и|о][й|г|м][о|у]?;Беломорский р-н
кемск[и|о][й|г|м][о|у]?;Кемский р-н
кондопожск[и|о][й|г|м][о|у]?;Кондопожский р-н
лахденпохск[и|о][й|г|м][о|у]?;Лахденпохский р-н
медвежьегорск[и|о][й|г|м][о|у]?;Медвежьегорский р-н
олонецк[и|о][й|г|м][о|у]?;Олонецкий р-н
питкярантск[и|о][й|г|м][о|у]?;Питкярантский р-н
пудожск[и|о][й|г|м][о|у]?;Пудожский р-н
сегежск[и|о][й|г|м][о|у]?;Сегежский р-н
суоярвск[и|о][й|г|м][о|у]?;Суоярвский р-н
мариинск[и|о][й|г|м][о|у]?;Мариинский р-н
таштагольск[и|о][й|г|м][о|у]?;Таштагольский р-н
топкинск[и|о][й|г|м][о|у]?;Топкинский р-н
белохолуницк[и|о][й|г|м][о|у]?;Белохолуницкий р-н
вятскополянск[и|о][й|г|м][о|у]?;Вятскополянский р-н
зуевск[и|о][й|г|м][о|у]?;Зуевский р-н
верхнекамск[и|о][й|г|м][о|у]?;Верхнекамский р-н
котельничск[и|о][й|г|м][о|у]?;Котельничский р-н
лузск[и|о][й|г|м][о|у]?;Лузский р-н
малмыжск[и|о][й|г|м][о|у]?;Малмыжский р-н
мурашинск[и|о][й|г|м][о|у]?;Мурашинский р-н
нолинск[и|о][й|г|м][о|у]?;Нолинский р-н
омутнинск[и|о][й|г|м][о|у]?;Омутнинский р-н
орловск[и|о][й|г|м][о|у]?;Орловский р-н
слободско[й|г|м][о|у]?;Слободской р-н
советск[и|о][й|г|м][о|у]?;Советский р-н
уржумск[и|о][й|г|м][о|у]?;Уржумский р-н
яранск[и|о][й|г|м][о|у]?;Яранский р-н
княжпогостск[и|о][й|г|м][о|у]?;Княжпогостский р-н
усть-вымск[и|о][й|г|м][о|у]?;Усть-Вымский р-н
буйск[и|о][й|г|м][о|у]?;Буйский р-н
галичск[и|о][й|г|м][о|у]?;Галичский р-н
кологривск[и|о][й|г|м][о|у]?;Кологривский р-н
макарьевск[и|о][й|г|м][о|у]?;Макарьевский р-н
мантуровск[и|о][й|г|м][о|у]?;Мантуровский р-н
нерехтск[и|о][й|г|м][о|у]?;Нерехтский р-н
нейск[и|о][й|г|м][о|у]?;Нейский р-н
солигаличск[и|о][й|г|м][о|у]?;Солигаличский р-н
чухломск[и|о][й|г|м][о|у]?;Чухломский р-н
шарьинск[и|о][й|г|м][о|у]?;Шарьинский р-н
абинск[и|о][й|г|м][о|у]?;Абинский р-н
анапск[и|о][й|г|м][о|у]?;Анапский р-н
апшеронск[и|о][й|г|м][о|у]?;Апшеронский р-н
белореченск[и|о][й|г|м][о|у]?;Белореченский р-н
гулькевичск[и|о][й|г|м][о|у]?;Гулькевичский р-н
ейск[и|о][й|г|м][о|у]?;Ейский р-н
кореновск[и|о][й|г|м][о|у]?;Кореновский р-н
кавказск[и|о][й|г|м][о|у]?;Кавказский р-н
крымск[и|о][й|г|м][о|у]?;Крымский р-н
курганинск[и|о][й|г|м][о|у]?;Курганинский р-н
лабинск[и|о][й|г|м][о|у]?;Лабинский р-н
новокубанск[и|о][й|г|м][о|у]?;Новокубанский р-н
приморско-ахтарск[и|о][й|г|м][о|у]?;Приморско-Ахтарский р-н
славянск[и|о][й|г|м][о|у]?;Славянский р-н
темрюкск[и|о][й|г|м][о|у]?;Темрюкский р-н
тимашевск[и|о][й|г|м][о|у]?;Тимашевский р-н
тихорецк[и|о][й|г|м][о|у]?;Тихорецкий р-н
туапсинск[и|о][й|г|м][о|у]?;Туапсинский р-н
усть-лабинск[и|о][й|г|м][о|у]?;Усть-Лабинский р-н
курагинск[и|о][й|г|м][о|у]?;Курагинский р-н
таймырск[и|о][й|г|м][о|у]? ;Таймырский Долгано-Ненецкий р-н
рыбинск[и|о][й|г|м][о|у]?;Рыбинский р-н
туруханск[и|о][й|г|м][о|у]?;Туруханский р-н
иланск[и|о][й|г|м][о|у]?;Иланский р-н
кежемск[и|о][й|г|м][о|у]?;Кежемский р-н
ужурск[и|о][й|г|м][о|у]?;Ужурский р-н
уярск[и|о][й|г|м][о|у]?;Уярский р-н
бахчисарайск[и|о][й|г|м][о|у]?;Бахчисарайский р-н
белогорск[и|о][й|г|м][о|у]?;Белогорский р-н
далматовск[и|о][й|г|м][о|у]?;Далматовский р-н
катайск[и|о][й|г|м][о|у]?;Катайский р-н
куртамышск[и|о][й|г|м][о|у]?;Куртамышский р-н
макушинск[и|о][й|г|м][о|у]?;Макушинский р-н
петуховск[и|о][й|г|м][о|у]?;Петуховский р-н
шумихинск[и|о][й|г|м][о|у]?;Шумихинский р-н
щучанск[и|о][й|г|м][о|у]?;Щучанский р-н
дмитриевск[и|о][й|г|м][о|у]?;Дмитриевский р-н
обоянск[и|о][й|г|м][о|у]?;Обоянский р-н
рыльск[и|о][й|г|м][о|у]?;Рыльский р-н
суджанск[и|о][й|г|м][о|у]?;Суджанский р-н
фатежск[и|о][й|г|м][о|у]?;Фатежский р-н
бокситогорск[и|о][й|г|м][о|у]?;Бокситогорский р-н
волосовск[и|о][й|г|м][о|у]?;Волосовский р-н
волховск[и|о][й|г|м][о|у]?;Волховский р-н
всеволожск[и|о][й|г|м][о|у]?;Всеволожский р-н
выборгск[и|о][й|г|м][о|у]?;Выборгский р-н
гатчинск[и|о][й|г|м][о|у]?;Гатчинский р-н
кингисеппск[и|о][й|г|м][о|у]?;Кингисеппский р-н
киришск[и|о][й|г|м][о|у]?;Киришский р-н
лодейнопольск[и|о][й|г|м][о|у]?;Лодейнопольский р-н
лужск[и|о][й|г|м][о|у]?;Лужский р-н
тосненск[и|о][й|г|м][о|у]?;Тосненский р-н
подпорожск[и|о][й|г|м][о|у]?;Подпорожский р-н
приозерск[и|о][й|г|м][о|у]?;Приозерский р-н
сланцевск[и|о][й|г|м][о|у]?;Сланцевский р-н
тихвинск[и|о][й|г|м][о|у]?;Тихвинский р-н
грязинск[и|о][й|г|м][о|у]?;Грязинский р-н
данковск[и|о][й|г|м][о|у]?;Данковский р-н
задонск[и|о][й|г|м][о|у]?;Задонский р-н
лебедянск[и|о][й|г|м][о|у]?;Лебедянский р-н
усманск[и|о][й|г|м][о|у]?;Усманский р-н
чаплыгинск[и|о][й|г|м][о|у]?;Чаплыгинский р-н
сусуманск[и|о][й|г|м][о|у]?;Сусуманский р-н
звениговск[и|о][й|г|м][о|у]?;Звениговский р-н
ардатовск[и|о][й|г|м][о|у]?;Ардатовский р-н
инсарск[и|о][й|г|м][о|у]?;Инсарский р-н
краснослободск[и|о][й|г|м][о|у]?;Краснослободский р-н
темниковск[и|о][й|г|м][о|у]?;Темниковский р-н
печенгск[и|о][й|г|м][о|у]?;Печенгский р-н
кандалакшск[и|о][й|г|м][о|у]?;Кандалакшский р-н
ковдорск[и|о][й|г|м][о|у]?;Ковдорский р-н
кольск[и|о][й|г|м][о|у]?;Кольский р-н
балахнинск[и|о][й|г|м][о|у]?;Балахнинский р-н
богородск[и|о][й|г|м][о|у]?;Богородский р-н
ветлужск[и|о][й|г|м][о|у]?;Ветлужский р-н
володарск[и|о][й|г|м][о|у]?;Володарский р-н
городецк[и|о][й|г|м][о|у]?;Городецкий р-н
княгининск[и|о][й|г|м][о|у]?;Княгининский р-н
кстовск[и|о][й|г|м][о|у]?;Кстовский р-н
лукояновск[и|о][й|г|м][о|у]?;Лукояновский р-н
лысковск[и|о][й|г|м][о|у]?;Лысковский р-н
сергачск[и|о][й|г|м][о|у]?;Сергачский р-н
уренск[и|о][й|г|м][о|у]?;Уренский р-н
чкаловск[и|о][й|г|м][о|у]?;Чкаловский р-н
боровичск[и|о][й|г|м][о|у]?;Боровичский р-н
валдайск[и|о][й|г|м][о|у]?;Валдайский р-н
маловишерск[и|о][й|г|м][о|у]?;Маловишерский р-н
окуловск[и|о][й|г|м][о|у]?;Окуловский р-н
пестовск[и|о][й|г|м][о|у]?;Пестовский р-н
солецк[и|о][й|г|м][о|у]?;Солецкий р-н
старорусск[и|о][й|г|м][о|у]?;Старорусский р-н
холмск[и|о][й|г|м][о|у]?;Холмский р-н
чудовск[и|о][й|г|м][о|у]?;Чудовский р-н
барабинск[и|о][й|г|м][о|у]?;Барабинский р-н
болотнинск[и|о][й|г|м][о|у]?;Болотнинский р-н
карасукск[и|о][й|г|м][о|у]?;Карасукский р-н
каргатск[и|о][й|г|м][о|у]?;Каргатский р-н
куйбышевск[и|о][й|г|м][о|у]?;Куйбышевский р-н
купинск[и|о][й|г|м][о|у]?;Купинский р-н
татарск[и|о][й|г|м][о|у]?;Татарский р-н
тогучинск[и|о][й|г|м][о|у]?;Тогучинский р-н
черепановск[и|о][й|г|м][о|у]?;Черепановский р-н
чулымск[и|о][й|г|м][о|у]?;Чулымский р-н
исилькульск[и|о][й|г|м][о|у]?;Исилькульский р-н
калачинск[и|о][й|г|м][о|у]?;Калачинский р-н
называевск[и|о][й|г|м][о|у]?;Называевский р-н
тарск[и|о][й|г|м][о|у]?;Тарский р-н
тюкалинск[и|о][й|г|м][о|у]?;Тюкалинский р-н
абдулинск[и|о][й|г|м][о|у]?;Абдулинский р-н
соль-илецк[и|о][й|г|м][о|у]?;Соль-Илецкий р-н
болховск[и|о][й|г|м][о|у]?;Болховский р-н
дмитровск[и|о][й|г|м][о|у]?;Дмитровский р-н
малоархангельск[и|о][й|г|м][о|у]?;Малоархангельский р-н
новосильск[и|о][й|г|м][о|у]?;Новосильский р-н
белинск[и|о][й|г|м][о|у]?;Белинский р-н
городищенск[и|о][й|г|м][о|у]?;Городищенский р-н
нижнеломовск[и|о][й|г|м][о|у]?;Нижнеломовский р-н
сердобск[и|о][й|г|м][о|у]?;Сердобский р-н
спасск[и|о][й|г|м][о|у]?;Спасский р-н
верещагинск[и|о][й|г|м][о|у]?;Верещагинский р-н
горнозаводск[и|о][й|г|м][о|у]?;Горнозаводский р-н
красновишерск[и|о][й|г|м][о|у]?;Красновишерский р-н
нытвенск[и|о][й|г|м][о|у]?;Нытвенский р-н
осинск[и|о][й|г|м][о|у]?;Осинский р-н
оханск[и|о][й|г|м][о|у]?;Оханский р-н
очерск[и|о][й|г|м][о|у]?;Очерский р-н
усольск[и|о][й|г|м][о|у]?;Усольский р-н
чердынск[и|о][й|г|м][о|у]?;Чердынский р-н
ильинск[и|о][й|г|м][о|у]?;Ильинский р-н
чернушинск[и|о][й|г|м][о|у]?;Чернушинский р-н
гдовск[и|о][й|г|м][о|у]?;Гдовский р-н
дновск[и|о][й|г|м][о|у]?;Дновский р-н
невельск[и|о][й|г|м][о|у]?;Невельский р-н
новоржевск[и|о][й|г|м][о|у]?;Новоржевский р-н
новосокольническ[и|о][й|г|м][о|у]?;Новосокольнический р-н
опочецк[и|о][й|г|м][о|у]?;Опочецкий р-н
островск[и|о][й|г|м][о|у]?;Островский р-н
печорск[и|о][й|г|м][о|у]?;Печорский р-н
порховск[и|о][й|г|м][о|у]?;Порховский р-н
пустошкинск[и|о][й|г|м][о|у]?;Пустошкинский р-н
пыталовск[и|о][й|г|м][о|у]?;Пыталовский р-н
себежск[и|о][й|г|м][о|у]?;Себежский р-н
аксайск[и|о][й|г|м][о|у]?;Аксайский р-н
белокалитвинск[и|о][й|г|м][о|у]?;Белокалитвинский р-н
зерноградск[и|о][й|г|м][о|у]?;Зерноградский р-н
константиновск[и|о][й|г|м][о|у]?;Константиновский р-н
красносулинск[и|о][й|г|м][о|у]?;Красносулинский р-н
миллеровск[и|о][й|г|м][о|у]?;Миллеровский р-н
морозовск[и|о][й|г|м][о|у]?;Морозовский р-н
пролетарск[и|о][й|г|м][о|у]?;Пролетарский р-н
сальск[и|о][й|г|м][о|у]?;Сальский р-н
семикаракорск[и|о][й|г|м][о|у]?;Семикаракорский р-н
цимлянск[и|о][й|г|м][о|у]?;Цимлянский р-н
кораблинск[и|о][й|г|м][о|у]?;Кораблинский р-н
михайловск[и|о][й|г|м][о|у]?;Михайловский р-н
пронск[и|о][й|г|м][о|у]?;Пронский р-н
рыбновск[и|о][й|г|м][о|у]?;Рыбновский р-н
ряжск[и|о][й|г|м][о|у]?;Ряжский р-н
клепиковск[и|о][й|г|м][о|у]?;Клепиковский р-н
шацк[и|о][й|г|м][о|у]?;Шацкий р-н
нефтегорск[и|о][й|г|м][о|у]?;Нефтегорский р-н
аркадакск[и|о][й|г|м][о|у]?;Аркадакский р-н
ершовск[и|о][й|г|м][о|у]?;Ершовский р-н
калининск[и|о][й|г|м][о|у]?;Калининский р-н
краснокутск[и|о][й|г|м][о|у]?;Краснокутский р-н
новоузенск[и|о][й|г|м][о|у]?;Новоузенский р-н
петровск[и|о][й|г|м][о|у]?;Петровский р-н
александровск-сахалинск[и|о][й|г|м][о|у]?;Александровск-Сахалинский р-н
анивск[и|о][й|г|м][о|у]?;Анивский р-н
долинск[и|о][й|г|м][о|у]?;Долинский р-н
корсаковск[и|о][й|г|м][о|у]?;Корсаковский р-н
курильск[и|о][й|г|м][о|у]?;Курильский р-н
макаровск[и|о][й|г|м][о|у]?;Макаровский р-н
охинск[и|о][й|г|м][о|у]?;Охинский р-н
поронайск[и|о][й|г|м][о|у]?;Поронайский р-н
северо-курильск[и|о][й|г|м][о|у]?;Северо-Курильский р-н
томаринск[и|о][й|г|м][о|у]?;Томаринский р-н
углегорск[и|о][й|г|м][о|у]?;Углегорский р-н
сысертск[и|о][й|г|м][о|у]?;Сысертский р-н
артемовск[и|о][й|г|м][о|у]?;Артемовский р-н
богдановичск[и|о][й|г|м][о|у]?;Богдановичский р-н
верхотурск[и|о][й|г|м][о|у]?;Верхотурский р-н
нижнесергинск[и|о][й|г|м][о|у]?;Нижнесергинский р-н
новолялинск[и|о][й|г|м][о|у]?;Новолялинский р-н
режевско[й|г|м][о|у]?;Режевской р-н
сухоложск[и|о][й|г|м][о|у]?;Сухоложский р-н
талицк[и|о][й|г|м][о|у]?;Талицкий р-н
туринск[и|о][й|г|м][о|у]?;Туринский р-н
алагирск[и|о][й|г|м][о|у]?;Алагирский р-н
ардонск[и|о][й|г|м][о|у]?;Ардонский р-н
правобережн[ы|о][й|г|м][о|у]?;Правобережный р-н
дигорск[и|о][й|г|м][о|у]?;Дигорский р-н
моздокск[и|о][й|г|м][о|у]?;Моздокский р-н
велижск[и|о][й|г|м][о|у]?;Велижский р-н
вяземск[и|о][й|г|м][о|у]?;Вяземский р-н
гагаринск[и|о][й|г|м][о|у]?;Гагаринский р-н
демидовск[и|о][й|г|м][о|у]?;Демидовский р-н
дорогобужск[и|о][й|г|м][о|у]?;Дорогобужский р-н
духовщинск[и|о][й|г|м][о|у]?;Духовщинский р-н
ельнинск[и|о][й|г|м][о|у]?;Ельнинский р-н
починковск[и|о][й|г|м][о|у]?;Починковский р-н
рославльск[и|о][й|г|м][о|у]?;Рославльский р-н
руднянск[и|о][й|г|м][о|у]?;Руднянский р-н
сафоновск[и|о][й|г|м][о|у]?;Сафоновский р-н
сычевск[и|о][й|г|м][о|у]?;Сычевский р-н
ярцевск[и|о][й|г|м][о|у]?;Ярцевский р-н
благодарненск[и|о][й|г|м][о|у]?;Благодарненский р-н
буденновск[и|о][й|г|м][о|у]?;Буденновский р-н
изобильненск[и|о][й|г|м][о|у]?;Изобильненский р-н
ипатовск[и|о][й|г|м][о|у]?;Ипатовский р-н
минераловодск[и|о][й|г|м][о|у]?;Минераловодский р-н
шпаковск[и|о][й|г|м][о|у]?;Шпаковский р-н
нефтекумск[и|о][й|г|м][о|у]?;Нефтекумский р-н
новоалександровск[и|о][й|г|м][о|у]?;Новоалександровский р-н
жердевск[и|о][й|г|м][о|у]?;Жердевский р-н
агрызск[и|о][й|г|м][о|у]?;Агрызский р-н
азнакаевск[и|о][й|г|м][о|у]?;Азнакаевский р-н
альметьевск[и|о][й|г|м][о|у]?;Альметьевский р-н
арск[и|о][й|г|м][о|у]?;Арский р-н
бавлинск[и|о][й|г|м][о|у]?;Бавлинский р-н
бугульминск[и|о][й|г|м][о|у]?;Бугульминский р-н
буинск[и|о][й|г|м][о|у]?;Буинский р-н
елабужск[и|о][й|г|м][о|у]?;Елабужский р-н
заинск[и|о][й|г|м][о|у]?;Заинский р-н
зеленодольск[и|о][й|г|м][о|у]?;Зеленодольский р-н
верхнеуслонск[и|о][й|г|м][о|у]?;Верхнеуслонский р-н
кукморск[и|о][й|г|м][о|у]?;Кукморский р-н
лаишевск[и|о][й|г|м][о|у]?;Лаишевский р-н
лениногорск[и|о][й|г|м][о|у]?;Лениногорский р-н
мамадышск[и|о][й|г|м][о|у]?;Мамадышский р-н
менделеевск[и|о][й|г|м][о|у]?;Менделеевский р-н
мензелинск[и|о][й|г|м][о|у]?;Мензелинский р-н
нижнекамск[и|о][й|г|м][о|у]?;Нижнекамский р-н
нурлатск[и|о][й|г|м][о|у]?;Нурлатский р-н
тетюшск[и|о][й|г|м][о|у]?;Тетюшский р-н
чистопольск[и|о][й|г|м][о|у]?;Чистопольский р-н
бежецк[и|о][й|г|м][о|у]?;Бежецкий р-н
бельск[и|о][й|г|м][о|у]?;Бельский р-н
бологовск[и|о][й|г|м][о|у]?;Бологовский р-н
зубцовск[и|о][й|г|м][о|у]?;Зубцовский р-н
калязинск[и|о][й|г|м][о|у]?;Калязинский р-н
конаковск[и|о][й|г|м][о|у]?;Конаковский р-н
кувшиновск[и|о][й|г|м][о|у]?;Кувшиновский р-н
лихославльск[и|о][й|г|м][о|у]?;Лихославльский р-н
старицк[и|о][й|г|м][о|у]?;Старицкий р-н
торопецк[и|о][й|г|м][о|у]?;Торопецкий р-н
асиновск[и|о][й|г|м][о|у]?;Асиновский р-н
колпашевск[и|о][й|г|м][о|у]?;Колпашевский р-н
алексинск[и|о][й|г|м][о|у]?;Алексинский р-н
белевск[и|о][й|г|м][о|у]?;Белевский р-н
богородицк[и|о][й|г|м][о|у]?;Богородицкий р-н
киреевск[и|о][й|г|м][о|у]?;Киреевский р-н
веневск[и|о][й|г|м][о|у]?;Веневский р-н
ефремовск[и|о][й|г|м][о|у]?;Ефремовский р-н
кимовск[и|о][й|г|м][о|у]?;Кимовский р-н
новомосковск[и|о][й|г|м][о|у]?;Новомосковский р-н
плавск[и|о][й|г|м][о|у]?;Плавский р-н
щекинск[и|о][й|г|м][о|у]?;Щекинский р-н
суворовск[и|о][й|г|м][о|у]?;Суворовский р-н
узловск[и|о][й|г|м][о|у]?;Узловский р-н
ясногорск[и|о][й|г|м][о|у]?;Ясногорский р-н
пий-хемск[и|о][й|г|м][о|у]?;Пий-Хемский р-н
дзун-хемчикск[и|о][й|г|м][о|у]?;Дзун-Хемчикский р-н
улуг-хемск[и|о][й|г|м][о|у]?;Улуг-Хемский р-н
камбарск[и|о][й|г|м][о|у]?;Камбарский р-н
барышск[и|о][й|г|м][о|у]?;Барышский р-н
инзенск[и|о][й|г|м][о|у]?;Инзенский р-н
сенгилеевск[и|о][й|г|м][о|у]?;Сенгилеевский р-н
сургутск[и|о][й|г|м][о|у]?;Сургутский р-н
ашинск[и|о][й|г|м][о|у]?;Ашинский р-н
саткинск[и|о][й|г|м][о|у]?;Саткинский р-н
верхнеуральск[и|о][й|г|м][о|у]?;Верхнеуральский р-н
еманжелинск[и|о][й|г|м][о|у]?;Еманжелинский р-н
карталинск[и|о][й|г|м][о|у]?;Карталинский р-н
каслинск[и|о][й|г|м][о|у]?;Каслинский р-н
катав-ивановск[и|о][й|г|м][о|у]?;Катав-Ивановский р-н
коркинск[и|о][й|г|м][о|у]?;Коркинский р-н
кусинск[и|о][й|г|м][о|у]?;Кусинский р-н
нязепетровск[и|о][й|г|м][о|у]?;Нязепетровский р-н
пластовск[и|о][й|г|м][о|у]?;Пластовский р-н
гудермесск[и|о][й|г|м][о|у]?;Гудермесский р-н
курчалоевск[и|о][й|г|м][о|у]?;Курчалоевский р-н
урус-мартановск[и|о][й|г|м][о|у]?;Урус-Мартановский р-н
шалинск[и|о][й|г|м][о|у]?;Шалинский р-н
козловск[и|о][й|г|м][о|у]?;Козловский р-н
мариинско-посадск[и|о][й|г|м][о|у]?;Мариинско-Посадский р-н
цивильск[и|о][й|г|м][о|у]?;Цивильский р-н
ядринск[и|о][й|г|м][о|у]?;Ядринский р-н
билибинск[и|о][й|г|м][о|у]?;Билибинский р-н
чаунск[и|о][й|г|м][о|у]?;Чаунский р-н
алданск[и|о][й|г|м][о|у]?;Алданский
верхоянск[и|о][й|г|м][о|у]?;Верхоянский
вилюйск[и|о][й|г|м][о|у]?;Вилюйский
ленск[и|о][й|г|м][о|у]?;Ленский
мирнинск[и|о][й|г|м][о|у]?;Мирнинский
нюрбинск[и|о][й|г|м][о|у]?;Нюрбинский
олекминск[и|о][й|г|м][о|у]?;Олекминский
хангаласск[и|о][й|г|м][о|у]?;Хангаласский
среднеколымск[и|о][й|г|м][о|у]?;Среднеколымский
пуровск[и|о][й|г|м][о|у]?;Пуровский р-н
гаврилов-ямск[и|о][й|г|м][о|у]?;Гаврилов-Ямский р-н
даниловск[и|о][й|г|м][о|у]?;Даниловский р-н
любимск[и|о][й|г|м][о|у]?;Любимский р-н
мышкинск[и|о][й|г|м][о|у]?;Мышкинский р-н
пошехонск[и|о][й|г|м][о|у]?;Пошехонский р-н
ростовск[и|о][й|г|м][о|у]?;Ростовский р-н
тутаевск[и|о][й|г|м][о|у]?;Тутаевский р-н
угличск[и|о][й|г|м][о|у]?;Угличский р-н
клинск[и|о][й|г|м][о|у]?;Клинский р-н
одинцовск[и|о][й|г|м][о|у]?;Одинцовский р-н
наро-фоминск[и|о][й|г|м][о|у]?;Наро-фоминский р-н
щ[е|ё]лковск[и|о][й|г|м][о|у]?;Щелковский р-н
пушкинск[и|о][й|г|м][о|у]? ;Пушкинский р-н
раменск[и|о][й|г|м][о|у]? ;Раменский р-н
